ts,room,event,input,correct,mood_score,mood_state,item,next_room,items
2025-09-12T11:09:47,meta,game_start,,,,,,,
2025-09-12T11:09:53,room1,mood_tick,,,0.7425299406051635,calm,,,
2025-09-12T11:09:53,room1,answer,echo,True,,,,,
2025-09-12T11:09:53,room1,item_gain,,,,,paper (echo sketch),,
2025-09-12T11:09:53,meta,autosave,,,,,,1,paper (echo sketch)
2025-09-12T11:09:57,room2,mood_tick,,,0.7724029660224915,calm,,,
2025-09-12T11:09:57,room2,answer,5196,True,,,,,
2025-09-12T11:09:57,room2,item_gain,,,,,code5196,,
2025-09-12T11:09:57,meta,autosave,,,,,,2,code5196;paper (echo sketch)
2025-09-12T11:09:59,room3,mood_tick,,,0.8817896962165832,calm,,,
2025-09-12T11:09:59,room3,answer,portal,True,,,,,
2025-09-12T11:09:59,meta,autosave,,,,,,3,code5196;paper (echo sketch)
2025-09-12T11:10:03,riddle_shadow,mood_tick,,,0.8383828639984131,calm,,,
2025-09-12T11:10:03,riddle_shadow,answer,shadow,True,,,,,
2025-09-12T11:10:03,meta,autosave,,,,,,4,code5196;paper (echo sketch)
2025-09-12T11:10:03,meta,escaped,,,,,,,
